{
  "N": {
    "rpm_pct": [20.0, 30.0, 40.0, 50.0, 60.0, 70.0, 80.0],
    "rpm": [550.0, 825.0, 1100.0, 1375.0, 1650.0, 1925.0, 2200.0],
    "rate_gps": [19.955056, 24.164557, 36.703704, 47.365854, 59.9375, 64.827586, 82.75],
    "t_out": [25.0, 24.0, 19.7, 14.48, 12.0, 10.0, 8.0],
    "t_all": [89.0, 79.0, 54.0, 41.0, 32.0, 29.0, 24.0],
    "loss": [224.0, 91.0, 18.0, 58.0, 82.0, 120.0, 14.0],
    "eff": [0.888, 0.9545, 0.991, 0.971, 0.959, 0.94, 0.993]
  },
  "P": {
    "rpm_pct": [20.0, 30.0, 40.0, 50.0, 60.0, 70.0, 80.0],
    "rpm": [550.0, 825.0, 1100.0, 1375.0, 1650.0, 1925.0, 2200.0],
    "rate_gps": [10.020833, 22.093023, 33.103448, 51.75, 64.413793, 86.086957, 86.045455],
    "t_out": [69.0, 32.0, 20.0, 15.0, 8.0, 6.0, 6.0],
    "t_all": [192.0, 86.0, 58.0, 36.0, 29.0, 23.0, 22.0],
    "loss": [76.0, 100.0, 80.0, 137.0, 132.0, 20.0, 107.0],
    "eff": [0.962, 0.95, 0.96, 0.9315, 0.934, 0.99, 0.9465]
  },
  "K": {
    "rpm_pct": [20.0, 30.0, 40.0, 50.0, 60.0, 70.0, 80.0],
    "rpm": [550.0, 825.0, 1100.0, 1375.0, 1650.0, 1925.0, 2200.0],
    "rate_gps": [19.230769, 30.8125, 45.181818, 53.243243, 60.030303, 85.652174, 86.782609],
    "t_out": [31.0, 21.0, 12.0, 11.0, 8.0, 7.0, 8.0],
    "t_all": [104.0, 64.0, 44.0, 37.0, 33.0, 23.0, 23.0],
    "loss": [0.0, 28.0, 12.0, 30.0, 19.0, 30.0, 4.0],
    "eff": [1.0, 0.986, 0.994, 0.985, 0.9905, 0.985, 0.998]
  }
}
